{"current_epoch": 130, "training_losses": [0.4817892014980316, 0.47397589683532715, 0.47352680563926697, 0.47302332520484924, 0.4723801612854004, 0.47233572602272034, 0.4715786576271057, 0.47293803095817566, 0.47191667556762695, 0.47139647603034973, 0.47098156809806824, 0.47120732069015503, 0.4718444347381592, 0.4709486961364746, 0.4715712368488312, 0.4722250998020172, 0.4715318977832794, 0.47185009717941284, 0.47200265526771545, 0.4715764820575714, 0.47196513414382935, 0.472798615694046, 0.47227388620376587, 0.4715450704097748, 0.4721740782260895, 0.47144755721092224, 0.47241833806037903, 0.4714377820491791, 0.47156766057014465, 0.4720379114151001, 0.47246986627578735, 0.4721287786960602, 0.4720710813999176, 0.47259414196014404, 0.47206950187683105, 0.4722272753715515, 0.4721073508262634, 0.4723810851573944, 0.4715328812599182, 0.4724007546901703, 0.4717297852039337, 0.4710122048854828, 0.47255465388298035, 0.4714266359806061, 0.4712197780609131, 0.4710555970668793, 0.4709548354148865, 0.4712298810482025, 0.47188907861709595, 0.47111910581588745, 0.47108209133148193, 0.4717232882976532, 0.4691038727760315, 0.46592530608177185, 0.464722603559494, 0.46399834752082825, 0.4646398723125458, 0.4628179669380188, 0.46083763241767883, 0.4490686357021332, 0.43547552824020386, 0.43039289116859436, 0.4279208183288574, 0.42203471064567566, 0.41920551657676697, 0.4194835126399994, 0.41708841919898987, 0.414490282535553, 0.41282838582992554, 0.4107571542263031, 0.4096837341785431, 0.4070752263069153, 0.4076560437679291, 0.4062102735042572, 0.40559104084968567, 0.40634194016456604, 0.4051426351070404, 0.40568745136260986, 0.40576064586639404, 0.40435799956321716, 0.40390798449516296, 0.4047481119632721, 0.4042866826057434, 0.4031819999217987, 0.4050079584121704, 0.4029116928577423, 0.4047522246837616, 0.40310272574424744, 0.4029443860054016, 0.4030926823616028, 0.40167760848999023, 0.40387460589408875, 0.4014350473880768, 0.4030981659889221, 0.40337464213371277, 0.40377143025398254, 0.40271812677383423, 0.4023343026638031, 0.4028274714946747, 0.4019065201282501, 0.4038969874382019, 0.402685284614563, 0.40135645866394043, 0.4019375443458557, 0.400457501411438, 0.40060630440711975, 0.40083935856819153, 0.4030972123146057, 0.4032750427722931, 0.40216875076293945, 0.40071550011634827, 0.4007650911808014, 0.4000946581363678, 0.4011523723602295, 0.40128934383392334, 0.40062859654426575, 0.4006093144416809, 0.4008628726005554, 0.40137603878974915, 0.39996740221977234, 0.39960888028144836, 0.4002246558666229, 0.40014779567718506, 0.4000876247882843, 0.40097787976264954, 0.39958417415618896, 0.40102216601371765, 0.4004996120929718, 0.40011197328567505, 0.399973601102829], "validation_losses": [0.22043001651763916, 0.20948924124240875, 0.22861219942569733, 0.20198896527290344, 0.2012234777212143, 0.23559120297431946, 0.18585509061813354, 0.21864338219165802, 0.21825987100601196, 0.23946771025657654, 0.2174675315618515, 0.1966358721256256, 0.20882488787174225, 0.22681857645511627, 0.20079520344734192, 0.20001067221164703, 0.20870791375637054, 0.1891496181488037, 0.1841302514076233, 0.18291305005550385, 0.1928393691778183, 0.20820719003677368, 0.17202261090278625, 0.2231152355670929, 0.19252203404903412, 0.20470784604549408, 0.16664762794971466, 0.15368998050689697, 0.17771019041538239, 0.15291820466518402, 0.11948590725660324, 0.16261936724185944, 0.1305527687072754, 0.1274314522743225, 0.1428229957818985, 0.12195755541324615, 0.13435301184654236, 0.15209493041038513, 0.1106870099902153, 0.142098069190979, 0.15693572163581848, 0.12781240046024323, 0.1429072469472885, 0.12137532234191895, 0.15269288420677185, 0.16472792625427246, 0.1369696855545044, 0.14549300074577332, 0.15025082230567932, 0.1362575888633728, 0.1426989734172821, 0.14519162476062775, 0.14218074083328247, 0.13707153499126434, 0.17107674479484558, 0.14666566252708435, 0.14541272819042206, 0.14759650826454163, 0.15016436576843262, 0.1439294070005417, 0.13987454771995544, 0.1399346888065338, 0.13957664370536804, 0.14318035542964935, 0.1443382054567337], "train_av_time": 12.255731701850891, "val_av_time": 9.017018914222717, "total_time": 0.504944208992852, "best_val_loss": 0.1106870099902153, "test_loss": 0, "test_loss_final": 0.14939482510089874, "test_lossESR_final": 0.19912460446357727, "test_loss_best": 0.11335501819849014, "test_lossESR_best": 0.15113715827465057}