{"current_epoch": 62, "training_losses": [0.4851703941822052, 0.4569716155529022, 0.45704859495162964, 0.4473925828933716, 0.4461609125137329, 0.4493676424026489, 0.44435107707977295, 0.4517924189567566, 0.4410494565963745, 0.4399589002132416, 0.43701720237731934, 0.44161126017570496, 0.44004902243614197, 0.44003456830978394, 0.44230151176452637, 0.43590450286865234, 0.4372539222240448, 0.43563538789749146, 0.4390365779399872, 0.4385283887386322, 0.43608689308166504, 0.4357307553291321, 0.4357199966907501, 0.4348059296607971, 0.43765372037887573, 0.4326818287372589, 0.43545642495155334, 0.4312645494937897, 0.4307796061038971, 0.4312255084514618, 0.43268829584121704, 0.43215760588645935, 0.4312780201435089, 0.4304127097129822, 0.43167421221733093, 0.4307509660720825, 0.4300844669342041, 0.42927172780036926, 0.4280535578727722, 0.429838091135025, 0.4290298819541931, 0.42827412486076355, 0.42964184284210205, 0.42494601011276245, 0.42824697494506836, 0.42619168758392334, 0.42805618047714233, 0.4257286489009857, 0.426988810300827, 0.4286940097808838, 0.4239974319934845, 0.42738816142082214, 0.42654311656951904, 0.4275357723236084, 0.4268871247768402, 0.42531290650367737, 0.42706719040870667, 0.4254821836948395, 0.4259491562843323, 0.4253261983394623, 0.42487049102783203, 0.42627212405204773], "validation_losses": [0.5217292308807373, 0.5187494158744812, 0.5275213122367859, 0.5202991366386414, 0.5186401605606079, 0.5257481336593628, 0.5575103759765625, 0.5306631326675415, 0.521070659160614, 0.5233587622642517, 0.5206360816955566, 0.5286473631858826, 0.5432824492454529, 0.5240907073020935, 0.5777000188827515, 0.6028066873550415, 0.5199748277664185, 0.5327520966529846, 0.5379169583320618, 0.5335966944694519, 0.5346173644065857, 0.5538811087608337, 0.5203648209571838, 0.5346085429191589, 0.522270917892456, 0.5401434898376465, 0.5293012261390686, 0.5366754531860352, 0.5300082564353943, 0.5367574691772461, 0.5269736647605896], "train_av_time": 12.358984351158142, "val_av_time": 9.062612771987915, "total_time": 0.3637136885854933, "best_val_loss": 0.5186401605606079, "test_loss": 0, "test_loss_final": 0.315780371427536, "test_lossESR_final": 0.42104044556617737, "test_loss_best": 0.32092583179473877, "test_lossESR_best": 0.42789778113365173}