{"current_epoch": 112, "training_losses": [0.4637284278869629, 0.4617920219898224, 0.4622246325016022, 0.46563827991485596, 0.4712654650211334, 0.4761163592338562, 0.4737863838672638, 0.472719669342041, 0.4718134105205536, 0.46786466240882874, 0.4664723575115204, 0.4629281163215637, 0.4630536139011383, 0.46139010787010193, 0.46203771233558655, 0.4612012505531311, 0.46091845631599426, 0.46174055337905884, 0.46272802352905273, 0.4624577462673187, 0.4617961347103119, 0.46385204792022705, 0.45778998732566833, 0.4485793113708496, 0.44375500082969666, 0.43651971220970154, 0.4323323965072632, 0.42453882098197937, 0.4201144576072693, 0.41701528429985046, 0.4157750904560089, 0.4159373939037323, 0.41323116421699524, 0.41564714908599854, 0.412007212638855, 0.413574755191803, 0.4114360809326172, 0.4139454960823059, 0.4121052324771881, 0.411187082529068, 0.4101991653442383, 0.41035380959510803, 0.41068702936172485, 0.41075435280799866, 0.4108414649963379, 0.41008225083351135, 0.40900611877441406, 0.40679749846458435, 0.4075336158275604, 0.40591195225715637, 0.404013454914093, 0.40369942784309387, 0.4049379527568817, 0.40571823716163635, 0.40319567918777466, 0.4046027362346649, 0.4061437249183655, 0.4033846855163574, 0.4022471308708191, 0.402291476726532, 0.402677446603775, 0.4038628041744232, 0.40360116958618164, 0.4022652208805084, 0.4021996557712555, 0.404073566198349, 0.40224769711494446, 0.4024740755558014, 0.40188172459602356, 0.40053072571754456, 0.4018440246582031, 0.40003105998039246, 0.3995535671710968, 0.4008481502532959, 0.4007202684879303, 0.3987342417240143, 0.39875006675720215, 0.3990856409072876, 0.39961180090904236, 0.3985656797885895, 0.39933204650878906, 0.39933377504348755, 0.3998166620731354, 0.40016287565231323, 0.3986278474330902, 0.39852067828178406, 0.39987894892692566, 0.39785853028297424, 0.3984655737876892, 0.3976203501224518, 0.39953505992889404, 0.3990382254123688, 0.39785346388816833, 0.39899536967277527, 0.397110253572464, 0.3982548713684082, 0.3977760672569275, 0.3971315324306488, 0.39725780487060547, 0.3962746560573578, 0.3962382376194, 0.39725691080093384, 0.39754045009613037, 0.396806538105011, 0.3972974121570587, 0.3952806293964386, 0.39720848202705383, 0.397522896528244, 0.3961527347564697, 0.3963884711265564, 0.3968766927719116, 0.3963075578212738], "validation_losses": [0.20911607146263123, 0.19057440757751465, 0.2267376333475113, 0.19963471591472626, 0.2208486795425415, 0.1805000752210617, 0.2053435891866684, 0.15337270498275757, 0.16390268504619598, 0.1932087242603302, 0.18353310227394104, 0.18119505047798157, 0.16923788189888, 0.1916331946849823, 0.2282751053571701, 0.18505337834358215, 0.20054493844509125, 0.15473103523254395, 0.21390050649642944, 0.14170777797698975, 0.363982230424881, 0.17232361435890198, 0.16002056002616882, 0.15124072134494781, 0.13939446210861206, 0.1612991988658905, 0.13911350071430206, 0.14590460062026978, 0.1577828824520111, 0.12136517465114594, 0.16758368909358978, 0.19953212141990662, 0.15051645040512085, 0.1551300287246704, 0.16399993002414703, 0.16501502692699432, 0.15507498383522034, 0.15855033695697784, 0.15824055671691895, 0.16183635592460632, 0.17215554416179657, 0.18125921487808228, 0.16271711885929108, 0.15417906641960144, 0.14878037571907043, 0.17059308290481567, 0.15201714634895325, 0.13569359481334686, 0.1658254861831665, 0.14058257639408112, 0.15759797394275665, 0.15976110100746155, 0.1571115255355835, 0.15764033794403076, 0.15963104367256165, 0.16308364272117615], "train_av_time": 12.037561058998108, "val_av_time": 8.874748945236206, "total_time": 0.6164951557583281, "best_val_loss": 0.12136517465114594, "test_loss": 0, "test_loss_final": 0.15614359080791473, "test_lossESR_final": 0.20809903740882874, "test_loss_best": 0.11368883401155472, "test_lossESR_best": 0.15150168538093567}