{"current_epoch": 54, "training_losses": [0.4644610285758972, 0.45648807287216187, 0.4509480893611908, 0.4460665285587311, 0.4479447305202484, 0.44694384932518005, 0.4471895098686218, 0.4433339834213257, 0.4377228617668152, 0.4383114278316498, 0.43737494945526123, 0.43900611996650696, 0.43914756178855896, 0.4408554434776306, 0.4348669648170471, 0.43214142322540283, 0.43785804510116577, 0.4342815577983856, 0.4362249970436096, 0.43326225876808167, 0.43494486808776855, 0.435351699590683, 0.43447345495224, 0.43416282534599304, 0.43410584330558777, 0.432695597410202, 0.43464627861976624, 0.43397974967956543, 0.43189966678619385, 0.4335036277770996, 0.4316385090351105, 0.43488404154777527, 0.43536415696144104, 0.43156254291534424, 0.43245071172714233, 0.43367230892181396, 0.4322894513607025, 0.435901015996933, 0.4329916536808014, 0.43276453018188477, 0.4349276125431061, 0.4318679869174957, 0.432228147983551, 0.4328647553920746, 0.4339914321899414, 0.43279993534088135, 0.43410924077033997, 0.4290892481803894, 0.4312729239463806, 0.43099015951156616, 0.42752909660339355, 0.4306640326976776, 0.4312765300273895, 0.4306890368461609], "validation_losses": [0.5536392331123352, 0.6328061819076538, 0.588291585445404, 0.5972878932952881, 0.5750474333763123, 0.5630711317062378, 0.628858208656311, 0.650801956653595, 0.6338568925857544, 0.5711092948913574, 0.6110637187957764, 0.597230076789856, 0.5687990188598633, 0.6164007186889648, 0.6208072900772095, 0.5955380797386169, 0.5749199986457825, 0.5807636976242065, 0.6136282086372375, 0.596307635307312, 0.5979567170143127, 0.5952903032302856, 0.5967851281166077, 0.589454174041748, 0.5896782279014587, 0.6191405653953552, 0.6094337701797485], "train_av_time": 17.19581699371338, "val_av_time": 11.198448657989502, "total_time": 0.3836557665136125, "best_val_loss": 0.5536392331123352, "test_loss": 0, "test_loss_final": 0.6635642051696777, "test_lossESR_final": 0.8847194314002991, "test_loss_best": 0.5893939733505249, "test_lossESR_best": 0.7857978343963623}