{"current_epoch": 112, "training_losses": [0.4840555489063263, 0.4724976122379303, 0.4655851125717163, 0.46259215474128723, 0.46223342418670654, 0.4502587914466858, 0.4368681311607361, 0.42726171016693115, 0.4260587990283966, 0.42587265372276306, 0.42240649461746216, 0.42111819982528687, 0.4211057126522064, 0.4221016764640808, 0.42140519618988037, 0.42222848534584045, 0.420624315738678, 0.42079535126686096, 0.41885077953338623, 0.4175722599029541, 0.4188883602619171, 0.4176056683063507, 0.4164915382862091, 0.4169124662876129, 0.41481301188468933, 0.41391849517822266, 0.4118832051753998, 0.4100615382194519, 0.40807032585144043, 0.40588852763175964, 0.40509361028671265, 0.46456870436668396, 0.4206176698207855, 0.4089440107345581, 0.4045187830924988, 0.40452083945274353, 0.4042246639728546, 0.40217477083206177, 0.4035862982273102, 0.4037069082260132, 0.4024258852005005, 0.40577515959739685, 0.40303176641464233, 0.4022666811943054, 0.4031020998954773, 0.40306249260902405, 0.4015044569969177, 0.40061622858047485, 0.39931026101112366, 0.40157750248908997, 0.4008806645870209, 0.4029468297958374, 0.39923030138015747, 0.40072065591812134, 0.3998566269874573, 0.40097686648368835, 0.4010823965072632, 0.4007319509983063, 0.3989483714103699, 0.39956924319267273, 0.4001038670539856, 0.39806196093559265, 0.40058279037475586, 0.4013804495334625, 0.39931297302246094, 0.39989760518074036, 0.39719560742378235, 0.39866021275520325, 0.3977952003479004, 0.3999446630477905, 0.39827170968055725, 0.39915138483047485, 0.3980220556259155, 0.39772236347198486, 0.39817216992378235, 0.39769038558006287, 0.3975302278995514, 0.39641135931015015, 0.39718127250671387, 0.3977034091949463, 0.39704132080078125, 0.3965323865413666, 0.3959554135799408, 0.3956170678138733, 0.3964012861251831, 0.39576390385627747, 0.39584001898765564, 0.39872246980667114, 0.3963641822338104, 0.3959326148033142, 0.395125150680542, 0.39552444219589233, 0.3950730562210083, 0.39578941464424133, 0.3963758051395416, 0.39702528715133667, 0.39433977007865906, 0.3957536518573761, 0.39693528413772583, 0.39413490891456604, 0.39393150806427, 0.39534294605255127, 0.3956613838672638, 0.3949145972728729, 0.3952917456626892, 0.39545366168022156, 0.395639032125473, 0.39489948749542236, 0.3950275480747223, 0.39400994777679443, 0.3947781026363373, 0.39459702372550964], "validation_losses": [0.2166646271944046, 0.17518633604049683, 0.18237225711345673, 0.16756093502044678, 0.16009193658828735, 0.28733134269714355, 0.1577254682779312, 0.1799674928188324, 0.16205023229122162, 0.15006136894226074, 0.13675068318843842, 0.14188826084136963, 0.16691052913665771, 0.16545499861240387, 0.17424248158931732, 0.15209029614925385, 0.16046001017093658, 0.18419583141803741, 0.14983098208904266, 0.16937847435474396, 0.156138077378273, 0.1919437199831009, 0.17374400794506073, 0.1411770135164261, 0.16337545216083527, 0.1564307063817978, 0.14522577822208405, 0.16280630230903625, 0.15270723402500153, 0.1347462385892868, 0.14122849702835083, 0.15591299533843994, 0.1564149260520935, 0.14901018142700195, 0.1564733386039734, 0.17410267889499664, 0.14496590197086334, 0.1516115665435791, 0.1431717425584793, 0.15532186627388, 0.15264220535755157, 0.14593321084976196, 0.15020506083965302, 0.15495802462100983, 0.1514425426721573, 0.15059107542037964, 0.14764901995658875, 0.14276832342147827, 0.15234781801700592, 0.14903756976127625, 0.15159744024276733, 0.15563073754310608, 0.1479179412126541, 0.15191684663295746, 0.1524045765399933, 0.14925800263881683], "train_av_time": 12.109681487083435, "val_av_time": 8.905685663223267, "total_time": 0.44161641909016497, "best_val_loss": 0.1347462385892868, "test_loss": 0, "test_loss_final": 0.14723125100135803, "test_lossESR_final": 0.196241557598114, "test_loss_best": 0.13213486969470978, "test_lossESR_best": 0.17558935284614563}