{"current_epoch": 66, "training_losses": [0.4396156370639801, 0.4387858808040619, 0.43568211793899536, 0.4358839690685272, 0.43680939078330994, 0.4389083981513977, 0.4356923997402191, 0.43563202023506165, 0.4401020109653473, 0.43745243549346924, 0.43604159355163574, 0.43763211369514465, 0.43513599038124084, 0.4365525543689728, 0.43540871143341064, 0.43481793999671936, 0.44172194600105286, 0.4369492530822754, 0.4365953207015991, 0.43484553694725037, 0.4354287087917328, 0.4401760697364807, 0.43828126788139343, 0.43888726830482483, 0.43848928809165955, 0.4398893713951111, 0.4361480474472046, 0.43701404333114624, 0.4340209662914276, 0.4344414174556732, 0.43502843379974365, 0.4336320757865906, 0.4342753291130066, 0.43820562958717346, 0.43601498007774353, 0.4325125217437744, 0.4363463222980499, 0.43826770782470703, 0.4321267008781433, 0.43483370542526245, 0.43445584177970886, 0.43273597955703735, 0.4309673011302948, 0.4334375560283661, 0.4343912899494171, 0.4338395893573761, 0.4359453618526459, 0.43552154302597046, 0.43459799885749817, 0.4327353835105896, 0.43069779872894287, 0.43337658047676086, 0.4326450526714325, 0.43397045135498047, 0.4313047230243683, 0.43482714891433716, 0.43080267310142517, 0.43235597014427185, 0.43628638982772827, 0.4319809675216675, 0.43075016140937805, 0.43315744400024414, 0.42853954434394836, 0.43435555696487427, 0.4346061646938324, 0.4303094744682312], "validation_losses": [0.6426436305046082, 0.6135120987892151, 0.5807183384895325, 0.5749680995941162, 0.5822603702545166, 0.6028881072998047, 0.5323376655578613, 0.6251372694969177, 0.5580732226371765, 0.5805934071540833, 0.5531264543533325, 0.5505438446998596, 0.6050982475280762, 0.5958569645881653, 0.6114407181739807, 0.5925998091697693, 0.5797874927520752, 0.6075358390808105, 0.577559232711792, 0.5918295383453369, 0.5937291979789734, 0.6361015439033508, 0.5941540002822876, 0.5680692195892334, 0.5785290598869324, 0.589632511138916, 0.5991230010986328, 0.5716155171394348, 0.5960060358047485, 0.6046023964881897, 0.5697547197341919, 0.5844636559486389, 0.5902746915817261], "train_av_time": 12.443680882453918, "val_av_time": 9.235020279884338, "total_time": 0.8939845609664916, "best_val_loss": 0.5323376655578613, "test_loss": 0, "test_loss_final": 0.6536221504211426, "test_lossESR_final": 0.8714658617973328, "test_loss_best": 0.5441393256187439, "test_lossESR_best": 0.7254695892333984}