{"current_epoch": 54, "training_losses": [0.4680791199207306, 0.4591151475906372, 0.4475449323654175, 0.44835904240608215, 0.44954657554626465, 0.44938746094703674, 0.4481789469718933, 0.44871383905410767, 0.44517040252685547, 0.4436597526073456, 0.4439406096935272, 0.44028937816619873, 0.4407111704349518, 0.43866923451423645, 0.43421414494514465, 0.4342533051967621, 0.43298348784446716, 0.43694213032722473, 0.43492981791496277, 0.43117403984069824, 0.4369315505027771, 0.43376123905181885, 0.43511807918548584, 0.43324553966522217, 0.43289914727211, 0.4327376186847687, 0.43436989188194275, 0.4340490698814392, 0.4308379590511322, 0.43344855308532715, 0.4316352903842926, 0.42853012681007385, 0.4319104850292206, 0.42845746874809265, 0.43100881576538086, 0.43205979466438293, 0.4291791617870331, 0.4320468306541443, 0.4266635775566101, 0.42587921023368835, 0.4280400276184082, 0.42657583951950073, 0.42890292406082153, 0.4277175962924957, 0.4280889332294464, 0.429044634103775, 0.4263325333595276, 0.4255165159702301, 0.42831897735595703, 0.4297649562358856, 0.4291094243526459, 0.4280674159526825, 0.4281051754951477, 0.426085501909256], "validation_losses": [0.5161671042442322, 0.527324378490448, 0.5366799831390381, 0.5504884123802185, 0.5187126994132996, 0.5247032642364502, 0.5619671940803528, 0.5797837376594543, 0.5459131002426147, 0.547002911567688, 0.5298916697502136, 0.52260822057724, 0.5284633636474609, 0.5314614772796631, 0.5206562280654907, 0.5294622778892517, 0.533049464225769, 0.5246906280517578, 0.5564085841178894, 0.534723699092865, 0.5353022813796997, 0.5361694693565369, 0.5341833233833313, 0.5325739979743958, 0.5276126861572266, 0.5324824452400208, 0.5349053740501404], "train_av_time": 12.193132758140564, "val_av_time": 8.968572974205017, "total_time": 0.2951305370198356, "best_val_loss": 0.5161671042442322, "test_loss": 0, "test_loss_final": 0.34478116035461426, "test_lossESR_final": 0.4597080647945404, "test_loss_best": 0.3016587495803833, "test_lossESR_best": 0.40221160650253296}