{"current_epoch": 11, "training_losses": [0.39512935280799866, 0.39212560653686523, 0.39596980810165405, 0.3951585590839386, 0.39556655287742615, 0.395864337682724, 0.3959881067276001, 0.3936944901943207, 0.39470285177230835, 0.39519989490509033, 0.3951597809791565], "validation_losses": [0.1313943713903427, 0.2186063975095749, 0.21832126379013062, 0.1865691840648651, 0.33181366324424744], "train_av_time": 9.09946095943451, "val_av_time": 8.754676222801208, "total_time": 0.039448750946256855, "best_val_loss": 0.1313943713903427, "test_loss": 0}