{"current_epoch": 54, "training_losses": [0.4825577139854431, 0.447269082069397, 0.4444129467010498, 0.4416736662387848, 0.44227856397628784, 0.43810001015663147, 0.4351814389228821, 0.4349251389503479, 0.4345165491104126, 0.4349648058414459, 0.43481752276420593, 0.4383777379989624, 0.4344252049922943, 0.4306029975414276, 0.4326961040496826, 0.4312743842601776, 0.4311816394329071, 0.43131089210510254, 0.43364596366882324, 0.43253493309020996, 0.43212461471557617, 0.433676153421402, 0.4301617443561554, 0.43269097805023193, 0.43257033824920654, 0.42980045080184937, 0.42884424328804016, 0.43142667412757874, 0.4246264100074768, 0.4245167672634125, 0.4244996905326843, 0.43027105927467346, 0.4268280267715454, 0.4211663007736206, 0.42731165885925293, 0.4226635992527008, 0.4226292073726654, 0.42124831676483154, 0.42272478342056274, 0.42076554894447327, 0.4207226037979126, 0.42319735884666443, 0.41899821162223816, 0.421869695186615, 0.422984778881073, 0.42121368646621704, 0.4223133325576782, 0.4201948046684265, 0.4217538833618164, 0.41882508993148804, 0.4209858775138855, 0.41945743560791016, 0.41919073462486267, 0.4215618968009949], "validation_losses": [0.5364785194396973, 0.5890290141105652, 0.5965378284454346, 0.5534830689430237, 0.6099811792373657, 0.5795191526412964, 0.6348711848258972, 0.5524004697799683, 0.603203296661377, 0.5769520998001099, 0.6249034404754639, 0.6212558746337891, 0.6016345024108887, 0.5968737602233887, 0.5907227993011475, 0.6184173226356506, 0.6203851699829102, 0.5896731019020081, 0.594751238822937, 0.5874882936477661, 0.5865036249160767, 0.5928101539611816, 0.5993008017539978, 0.6028679013252258, 0.5971190333366394, 0.5890127420425415, 0.6116524934768677], "train_av_time": 16.538283467292786, "val_av_time": 9.70568311214447, "total_time": 0.38127294666237305, "best_val_loss": 0.5364785194396973, "test_loss": 0, "test_loss_final": 0.7125263810157776, "test_lossESR_final": 0.9500098824501038, "test_loss_best": 0.5491192936897278, "test_lossESR_best": 0.7321588397026062}