{"current_epoch": 74, "training_losses": [0.4672977030277252, 0.44541338086128235, 0.4411064386367798, 0.44236865639686584, 0.4403463900089264, 0.4373333752155304, 0.4328383505344391, 0.43852129578590393, 0.43540170788764954, 0.4372134506702423, 0.437426894903183, 0.43458467721939087, 0.4369129538536072, 0.43564683198928833, 0.43522047996520996, 0.4363398551940918, 0.43652158975601196, 0.4326780140399933, 0.4402923285961151, 0.437650203704834, 0.43296578526496887, 0.43430984020233154, 0.4303131401538849, 0.43210917711257935, 0.4308086633682251, 0.4344853162765503, 0.43069231510162354, 0.4317639470100403, 0.43401598930358887, 0.43015608191490173, 0.4366576671600342, 0.4316871762275696, 0.43400758504867554, 0.4319642186164856, 0.4316974878311157, 0.43378475308418274, 0.431098997592926, 0.4334307014942169, 0.4291667640209198, 0.4328897297382355, 0.42921608686447144, 0.4305165112018585, 0.4305539131164551, 0.4301406145095825, 0.4302448332309723, 0.4304482936859131, 0.429545134305954, 0.42915794253349304, 0.4302058219909668, 0.42933014035224915, 0.42897552251815796, 0.4284474849700928, 0.43175411224365234, 0.4286149740219116, 0.4271788001060486, 0.4280642569065094, 0.43121832609176636, 0.42989927530288696, 0.42937296628952026, 0.42920178174972534, 0.42728111147880554, 0.42821821570396423, 0.42441385984420776, 0.43206456303596497, 0.4293569028377533, 0.42902687191963196, 0.4257589876651764, 0.4286060929298401, 0.42534568905830383, 0.42806825041770935, 0.42858222126960754, 0.429155558347702, 0.4290282428264618, 0.42544206976890564], "validation_losses": [0.5280404686927795, 0.5487958192825317, 0.5314909219741821, 0.5247101187705994, 0.531207799911499, 0.5357006788253784, 0.5286298990249634, 0.543506383895874, 0.5333267450332642, 0.5295466184616089, 0.5205872058868408, 0.5228421092033386, 0.5254269242286682, 0.5246329307556152, 0.5283050537109375, 0.5262777209281921, 0.5279742479324341, 0.5276199579238892, 0.5260751247406006, 0.5345860719680786, 0.5374884605407715, 0.5230910778045654, 0.5303497910499573, 0.5327079892158508, 0.5351160168647766, 0.5393370985984802, 0.5501052737236023, 0.5477529168128967, 0.5258039832115173, 0.5452739596366882, 0.5226811170578003, 0.5285028219223022, 0.5358847975730896, 0.5388091802597046, 0.533104658126831, 0.53542160987854, 0.532852053642273], "train_av_time": 12.053036332130432, "val_av_time": 8.758365273475647, "total_time": 0.3861137777566909, "best_val_loss": 0.5205872058868408, "test_loss": 0, "test_loss_final": 0.31966274976730347, "test_lossESR_final": 0.42621511220932007, "test_loss_best": 0.2916259765625, "test_lossESR_best": 0.38883137702941895}